Orden,Equipo,Código Fase 2,Capacidad del fabricante,Unidad del dato,Equivalente (mód/h),Nominal (mód/h),Utilización,Fuente del dato
1,Inspección EL de celdas,E-101,6000,celdas/h,41.6666666666667,37.5,0.806907124989914,Estimación del grupo
2,"Stringer, soldadura de celdas",E-102,6800,tiras/h,47.2222222222222,42.5,0.7119768749911,Catálogo AM050FH: ≥6.800 tiras/h [2]
3,Lay-up y bussing,E-103,45,mód/h,45,40.5,0.747136226842513,Estimación del grupo
4,Laminadora al vacío,C-101,40,mód/h,40,36,0.840528255197827,Catálogo Ooitech 2778: 6 módulos por ciclo de ≤9 min [3]
5,Recorte de bordes,C-101,60,mód/h,60,54,0.560352170131885,Estimación del grupo
6,Enmarcado y caja de conexión,E-104,60,mód/h,60,54,0.560352170131885,Estimación del grupo
7,"Curado (240 posiciones, 5 h)",—,48,mód/h,48,43.2,0.700440212664856,240 posiciones ÷ 5 h de retención
8,Ensayo STC (flash),E-105,180,mód/h,180,162,0.186784056710628,Catálogo Mondragon: ciclo <20 s [5]
9,EL final e hi-pot,E-105,120,mód/h,120,108,0.280176085065942,Estimación del grupo
10,Clasificación y binning,E-106,60,mód/h,60,54,0.560352170131885,Estimación del grupo
